,,Username: musiClover75,Age: 28,"Location: Los Angeles, CA","Music Preference by Genre: Pop, Hip-Hop, R&B, EDM",Favourite Music Genre: Pop,,Favourite Songs: ,1. Shakespeare's Sonnet - Billie Eilish,2. Blinding Lights - The Weeknd,3. Don't Start Now - Dua Lipa,4. Break My Heart - Dua Lipa,5. Rain on Me - Lady Gaga & Ariana Grande,6. Savage - Megan Thee Stallion,7. Say So - Doja Cat,8. Dance Monkey - Tones And I,9. Circles - Post Malone,10. The Box - Roddy Ricch,11. Memories - Maroon 5,12. Heat Waves - Glass Animals,13. Before You Go - Lewis Capaldi ,14. Goodbye - Jason Derulo & David Guetta,15. What You Know Bout Love - Pop Smoke
,,Username: musicalmaverick,Age: 32,"Location: London, UK","Music Preference by Genre: Pop, EDM, Indie, R&B",Favourite Music Genre: Pop,Favourite Songs:,1. Shape of You - Ed Sheeran,2. Blinding Lights - The Weeknd,3. Don't Start Now - Dua Lipa,4. Dance Monkey - Tones and I,5. The Bones - Maren Morris,6. ROXANNE - Arizona Zervas,7. Memories - Maroon 5,8. Heat Waves - Glass Animals,9. Watermelon Sugar - Harry Styles,"10. Don't Call Me Angel - Ariana Grande, Miley Cyrus & Lana Del Rey","11. Break Up With Your Girlfriend, I'm Bored - Ariana Grande ",12. Adore You - Harry Styles,13. I Don't Care - Ed Sheeran & Justin Bieber,14. All Of Me - John Legend,15. Someone You Loved - Lewis Capaldi
,,Username: Spotify_Lover_101,Age: 25,"Location: London, UK","Music Preference by Genre: Pop, Hip-Hop/Rap, Rock, EDM/Dance, R&B/Soul",Favourite Music Genre: Pop,,Favourite Songs: ,1. Senorita - Shawn Mendes ft. Camila Cabello ,2. Old Town Road - Lil Nas X ,3. Bad Guy - Billie Eilish ,4. Sucker - Jonas Brothers ,5. Sunflower - Post Malone ft. Swae Lee,6. Señorita - Justin Timberlake ft. Ciara,7. 7 Rings - Ariana Grande,8. Don't Start Now - Dua Lipa,9. Circles - Post Malone,10. Sweet But Psycho - Ava Max,11. Beautiful People - Ed Sheeran ft. Khalid,12. I Don't Care - Ed Sheeran & Justin Bieber,13. Dance Monkey - Tones and I,"14. I'm On One - DJ Khaled ft. Drake, Rick Ross & Lil Wayne",15. Uptown Funk - Mark Ronson ft. Bruno Mars
,,Username: SptfyDiva,Age: 24,"Location: London, UK","Music Preference by Genre: Pop, R&B, Hip-Hop, Dance",Favourite Music Genre: Pop,,Favourite Songs: ,1. Old Town Road - Lil Nas X,2. Senorita - Shawn Mendes & Camila Cabello ,3. Someone You Loved - Lewis Capaldi,4. bad guy - Billie Eilish,5. 7 Rings - Ariana Grande,6. No Guidance - Chris Brown ft. Drake,7. I Don't Care - Ed Sheeran & Justin Bieber,8. Sunflower - Post Malone & Swae Lee,9. Dance Monkey - Tones and I,10. Sucker - Jonas Brothers,11. Circles - Post Malone,"12. Thank U, Next - Ariana Grande",13. Truth Hurts - Lizzo,14. Happier - Marshmello & Bastille,15. All Of Me - John Legend
,,Username: funkytunez,Age: 32,"Location: New York, USA","Music Preference by Genre: Pop, Hip-Hop, R&B, EDM",Favourite Music Genre: Pop,,Favourite Songs: ,1. Shape of You - Ed Sheeran,2. Uptown Funk - Mark Ronson ft. Bruno Mars,3. Hello - Adele ,4. Blinding Lights - The Weeknd,5. In My Feelings - Drake ,6. Dance Monkey - Tones and I,7. 7 Rings - Ariana Grande,8. Havana - Camila Cabello ft. Young Thug,9. That's What I Like - Bruno Mars,10. Sucker - Jonas Brothers,11. All of Me - John Legend,12. Don't Start Now - Dua Lipa,13. Closer - The Chainsmokers ft. Halsey,14. 24K Magic - Bruno Mars,15. Can't Stop The Feeling - Justin Timberlake
,,Username: MusicLover20,Age: 20,"Location: Los Angeles, CA","Music Preference by Genre: Pop, Hip Hop, EDM, Rock",Favourite Music Genre: Pop,,Favourite Songs: ,1. Old Town Road - Lil Nas X,"2. The Middle - Zedd, Maren Morris & Grey",3. Without Me - Halsey,4. Sucker - Jonas Brothers,5. Sunflower - Post Malone & Swae Lee,6. 7 Rings - Ariana Grande,7. Sweet but Psycho - Ava Max,8. Panic Room - Au/Ra & CamelPhat,9. Happy Now - Kygo & Sandro Cavazza,10. High Hopes - Panic! At The Disco,11. Electricity - Silk City & Dua Lipa,12. Better Now - Post Malone,13. Happier - Marshmello & Bastille,14. Girls Like You - Maroon 5 ft. Cardi B,15. No Tears Left To Cry - Ariana Grande
,,Username: spotifylover32,Age: 24,"Location: Sydney, Australia","Music Preference by Genre: Pop, EDM, Hip Hop, Rock",Favourite Music Genre: Pop,,Favourite Songs: ,1. Shape of You - Ed Sheeran,2. Can't Stop the Feeling - Justin Timberlake,3. Uptown Funk - Mark Ronson ft. Bruno Mars,4. All of Me - John Legend,5. Closer - The Chainsmokers ft. Halsey,6. Cheap Thrills - Sia,7. Sorry - Justin Bieber,8. Shake It Off - Taylor Swift,9. In the Name of Love - Martin Garrix ft. Bebe Rexha,10. Happy - Pharrell Williams,11. Hello - Adele,12. Thinking Out Loud - Ed Sheeran,13. Despacito - Luis Fonsi ft. Daddy Yankee,14. What Do You Mean - Justin Bieber,15. This Is What You Came For - Calvin Harris ft. Rihanna
,,Username: TuneLover2020,Age: 26,"Location: San Francisco, CA","Music Preference by Genre: Pop, Indie, R&B, Hip-Hop",Favourite Music Genre: Pop,,Favourite Songs: ,1. Shape of You - Ed Sheeran,2. All of Me - John Legend,3. Havana - Camila Cabello,4. What Do You Mean? - Justin Bieber,5. Closer - The Chainsmokers ft. Halsey,6. I'm Yours - Jason Mraz,7. Someone You Loved - Lewis Capaldi,8. Girls Like You - Maroon 5 ft. Cardi B,9. 7 Rings - Ariana Grande,10. Uptown Funk - Mark Ronson ft. Bruno Mars,11. Apeshit - The Carters,12. In My Feelings - Drake,13. Sicko Mode - Travis Scott ft. Drake,14. Old Town Road - Lil Nas X ft. Billy Ray Cyrus,"15. Thank U, Next - Ariana Grande"
,,Username: MusicJunkie20,Age: 24,Location: Los Angeles,"Music Preference by Genre: Pop, Hip-Hop, R&B, EDM",Favourite Music Genre: Pop,,Favourite Songs: ,"1. ""Shape of You"" by Ed Sheeran","2. ""Havana"" by Camila Cabello","3. ""Rockstar"" by Post Malone","4. ""In My Feelings"" by Drake","5. ""Sicko Mode"" by Travis Scott","6. ""I Like It"" by Cardi B","7. ""Girls Like You"" by Maroon 5","8. ""God's Plan"" by Drake","9. ""Happier"" by Marshmello & Bastille","10. ""7 Rings"" by Ariana Grande","11. ""High Hopes"" by Panic! At The Disco","12. ""Better Now"" by Post Malone","13. ""Youngblood"" by 5 Seconds of Summer","14. ""Eastside"" by Benny Blanco","15. ""This Is America"" by Childish Gambino"
,,Username: Spotifan101,Age: 26,"Location: London, UK","Music Preference by Genre: Pop, Hip-Hop, R&B, EDM, Country",Favourite Music Genre: Pop,,Favourite Songs: ,1. Shape of You - Ed Sheeran,2. Bad Guy - Billie Eilish,3. Despacito - Luis Fonsi ft. Daddy Yankee,"4. Taki Taki - DJ Snake ft. Selena Gomez, Cardi B and Ozuna",5. Uptown Funk - Mark Ronson ft. Bruno Mars,6. Blinding Lights - The Weeknd,7. Dance Monkey - Tones and I,8. Girls Like You - Maroon 5 ft. Cardi B,9. Old Town Road - Lil Nas X ft. Billy Ray Cyrus,10. Senorita - Shawn Mendes and Camila Cabello,11. All of Me - John Legend,12. I'm Yours - Jason Mraz,13. I Gotta Feeling - The Black Eyed Peas,14. Chandelier - Sia,15. Love Yourself - Justin Bieber
,,Username: groovylove23,Age: 23 ,"Location: Los Angeles, CA","Music Preference by Genre: Pop, Hip-Hop, R&B, Latin, Dance",Favourite Music Genre: Pop,Favourite Songs: ,"1. Senorita - Shawn Mendes, Camila Cabello ",2. No Guidance - Chris Brown ft. Drake ,3. Old Town Road - Lil Nas X ft. Billy Ray Cyrus ,4. I Don't Care - Ed Sheeran ft. Justin Bieber ,5. I Like It - Cardi B ft. Bad Bunny & J Balvin ,6. Despacito - Luis Fonsi ft. Daddy Yankee ,7. Sucker - Jonas Brothers ,8. Sunflower - Post Malone & Swae Lee ,9. In My Feelings - Drake ,10.7 Rings - Ariana Grande ,11.Havana - Camila Cabello ft. Young Thug ,12.Bad Guy - Billie Eilish ,13.Girls Like You - Maroon 5 ft. Cardi B ,14.Shape of You - Ed Sheer
,,Username: MusicManiac98,Age: 28,"Location: Tokyo, Japan","Music Preference by Genre: Pop, EDM, Rap, R&B",Favourite Music Genre: Pop,,Favourite Songs: ,1. High Hopes - Panic At The Disco,2. Don't Stop Believing - Journey,3. Uptown Funk - Mark Ronson ft. Bruno Mars,4. Firework - Katy Perry,5. Lose Yourself - Eminem,6. Shake it Off - Taylor Swift,7. All of Me - John Legend,8. Rolling in the Deep - Adele,9. In The End - Linkin Park,10. Shape of You - Ed Sheeran,11. Closer - The Chainsmokers ft. Halsey,12. You're Beautiful - James Blunt,13. California Gurls - Katy Perry ft. Snoop Dogg,14. Take Me to Church - Hozier,15. Wrecking Ball - Miley Cyrus
,,Username: MusicLover22,Age: 22,"Location: London, UK","Music Preference by Genre: Pop, Rock, R&B, Rap, Country",Favourite Music Genre: Pop,,Favourite Songs: ,1. Shape of You - Ed Sheeran ,2. Dance Monkey - Tones and I ,3. Shotgun - George Ezra ,4. Someone You Loved - Lewis Capaldi ,5. Sunflower - Post Malone ft. Swae Lee ,6. Old Town Road - Lil Nas X ft. Billy Ray Cyrus ,7. Senorita - Shawn Mendes & Camila Cabello ,8. Memories - Maroon 5 ,9. I Don't Care - Ed Sheeran & Justin Bieber,10. All of Me - John Legend ,11. No Tears Left to Cry - Ariana Grande ,12. Girls Like You - Maroon 5 ft. Cardi B,13. Perfect - Ed Sheeran ,14. 7 Rings - Ariana Grande ,15. I Don't Wanna Live Forever - ZAYN & Taylor Swift
,,Username: SpotifyDancer12,Age: 22,"Location: New York, NY","Music Preference by Genre: Pop, EDM, Country, Hip-Hop, Rock",Favourite Music Genre: Pop,,Favourite Songs: ,1. Shape of You - Ed Sheeran,2. Senorita - Shawn Mendes & Camila Cabello,3. Old Town Road - Lil Nas X,4. Dance Monkey - Tones and I,5. Girls Like You - Maroon 5 feat. Cardi B,6. Sucker - Jonas Brothers,"7. The Middle - Zedd, Maren Morris & Grey",8. Havana - Camila Cabello feat. Young Thug,9. 7 Rings - Ariana Grande,10. Sunflower - Post Malone & Swae Lee,11. Without Me - Halsey,12. Better Now - Post Malone,13. No Tears Left To Cry - Ariana Grande,14. God's Plan - Drake,15. New Rules - Dua Lipa
,,Username: MusicLover11,Age: 26,"Location: New York, NY","Music Preference by Genre: Pop, Hip Hop, R&B, EDM",Favourite Music Genre: Pop,,Favourite Songs:,1. Let Me Love You - Justin Bieber ft. DJ Snake,2. Uptown Funk - Mark Ronson ft. Bruno Mars,3. Closer - The Chainsmokers ft. Halsey,4. Shape of You - Ed Sheeran,5. Sorry - Justin Bieber,6. Rockstar - Post Malone ft. 21 Savage,7. In My Feelings - Drake,8. Havana - Camila Cabello ft. Young Thug,9. Despacito - Luis Fonsi ft. Daddy Yankee,10. Wake Me Up - Avicii,11. Don't Let Me Down - The Chainsmokers ft. Daya,12. All of Me - John Legend,13. Stressed Out - Twenty One Pilots,14. Lean On - Major Lazer ft. DJ Snake,15. Finesse - Bruno Mars ft. Cardi B
,,Username: MusicLuvr98,Age: 25,Location: New York City,"Music Preference by Genre: Pop, EDM, Hip-Hop, Alternative",Favourite Music Genre: Pop,,Favourite Songs: ,1. Shape of You - Ed Sheeran,2. One Dance - Drake ft. Wizkid & Kyla,3. Closer - The Chainsmokers ft. Halsey,4. Despacito - Luis Fonsi ft. Daddy Yankee,5. All of Me - John Legend,6. I Gotta Feeling - The Black Eyed Peas,7. Uptown Funk - Mark Ronson ft. Bruno Mars,8. Happy - Pharrell Williams,9. Party Rock Anthem - LMFAO ft. Lauren Bennett & GoonRock,10. Sorry - Justin Bieber,11. Attention - Charlie Puth,12. Hello - Adele,13. Don't Wanna Know - Maroon 5 ft. Kendrick Lamar,14. Cheap Thrills - Sia ft. Sean Paul,15. Love Yourself - Justin Bieber
,,Username: MusicLover8,Age: 23,"Location: London, UK","Music Preference by Genre: Pop, Rock, R&B, Indie, Alternative",Favourite Music Genre: Pop,,Favourite Songs: ,1. Can't Stop The Feeling - Justin Timberlake,2. Shape Of You - Ed Sheeran,3. Uptown Funk - Mark Ronson ft. Bruno Mars,4. Bohemian Rhapsody - Queen,5. Don't Stop Believing - Journey,6. Thinking Out Loud - Ed Sheeran,7. All Star - Smash Mouth,8. I Will Survive - Gloria Gaynor,9. I Wanna Dance With Somebody - Whitney Houston,10. Don't Stop Me Now - Queen,11. Love Yourself - Justin Bieber,12. Blinding Lights - The Weeknd,13. I Gotta Feeling - The Black Eyed Peas,14. Sweet Home Alabama - Lynyrd Skynyrd,15. Eye of the Tiger - Survivor
,,Username: MellowTunes123,Age: 28,"Location: London, UK","Music Preference by Genre: Pop, Hip-Hop, Electronic, R&B",Favourite Music Genre: Pop,Favourite Songs: ,1. One Kiss - Calvin Harris ft. Dua Lipa ,2. New Rules - Dua Lipa ,3. Bad Guy - Billie Eilish ,4. Shotgun - George Ezra ,5. 7 Rings - Ariana Grande ,6. Sucker - Jonas Brothers ,7. Sweet but Psycho - Ava Max ,8. Dancing with a Stranger - Sam Smith ft. Normani ,9. No Tears Left To Cry - Ariana Grande,10. Without Me - Halsey ,11. Youngblood - 5 Seconds of Summer ,12. Me! - Taylor Swift ft. Brendon Urie ,13. Happier - Marshmello ft. Bastille ,14. Old Town Road - Lil Nas X ft. Billy Ray Cyrus ,15. Let Me Down Slowly - Alec Benjamin ft. Alessia Cara
,,Username: musical_dude,Age: 23,"Location: Los Angeles, CA","Music Preference by Genre: Pop, Hip-Hop, R&B, EDM",Favourite Music Genre: Pop,,Favourite Songs: ,1. Senorita - Shawn Mendes & Camila Cabello,2. Old Town Road - Lil Nas X,3. Sucker - Jonas Brothers,4. I Don't Care - Ed Sheeran & Justin Bieber,5. 7 Rings - Ariana Grande,6. Sunflower - Post Malone & Swae Lee,7. Bad Guy - Billie Eilish,8. Talk - Khalid,9. High Hopes - Panic! At The Disco,10. Dance Monkey - Tones and I,11. Goodbyes - Post Malone & Young Thug,12. No Guidance - Chris Brown ft. Drake,13. Circles - Post Malone,"14. Taki Taki - DJ Snake ft. Selena Gomez, Ozuna & Cardi B",15. Without Me - Halsey
,,Username: musicspotifyfan,Age: 28,"Location: London, UK","Music Preference by Genre: Pop, Rock, Hip-Hop, R&B, EDM",Favourite Music Genre: Pop,Favourite Songs: ,1. Shape of You - Ed Sheeran,2. Uptown Funk - Bruno Mars,3. I'm Yours - Jason Mraz,4. Don't Stop Believin' - Journey,5. Bohemian Rhapsody - Queen,6. Billie Jean - Michael Jackson,7. Hey Ya! - Outkast,8. Rolling in the Deep - Adele,9. All of Me - John Legend,10. I Gotta Feeling - The Black Eyed Peas,11. Viva la Vida - Coldplay,12. Sorry - Justin Bieber,13. Bad Romance - Lady Gaga,14. Superstition - Stevie Wonder,15. Hey Jude - The Beatles
,,Username: GroovyDance,Age: 28,"Location: London, UK","Music Preference by Genre: Pop, Rock, Dance, Hip-Hop, Indie",Favourite Music Genre: Dance,,Favourite Songs: ,1. Dynamite - BTS,2. Riptide - Vance Joy,3. Don't Start Now - Dua Lipa,4. Watermelon Sugar - Harry Styles,5. Dance Monkey - Tones and I,6. Levitating - Dua Lipa,7. Blinding Lights - The Weeknd,8. The Less I Know the Better - Tame Impala,9. Memories - Maroon 5,10. Rain On Me - Lady Gaga and Ariana Grande,11. Somebody That I Used to Know - Gotye,12. All of Me - John Legend,13. Happy - Pharrell Williams,14. Get Lucky - Daft Punk,15. Moves Like Jagger - Maroon 5
,,Username: GroovyTunes93,Age: 23,"Location: Los Angeles, CA","Music Preference by Genre: Pop, Rock, Hip-Hop/Rap, Indie, Country",Favourite Music Genre: Pop,Favourite Songs: ,"1. Senorita - Shawn Mendes, Camila Cabello",2. Dance Monkey - Tones and I,3. Old Town Road - Lil Nas X,4. Bad Guy - Billie Eilish,5. 7 Rings - Ariana Grande,"6. Sunflower - Post Malone, Swae Lee",7. High Hopes - Panic! At The Disco,8. Circles - Post Malone,9. Sucker - Jonas Brothers,10. Truth Hurts - Lizzo,11. Someone You Loved - Lewis Capaldi,"12. Shallow - Lady Gaga, Bradley Cooper","13. Thank U, Next - Ariana Grande",14. Locations - Khalid,15. All I Want For Christmas Is You - Mariah Carey
,,Username: MusicLover18,Age: 18,"Location: Los Angeles, CA","Music Preference by Genre: Pop, hip-hop, EDM, rock, country",Favourite Music Genre: Pop,,Favourite Songs: ,1. Shape of You - Ed Sheeran,2. Someone You Loved - Lewis Capaldi,3. Blinding Lights - The Weeknd,4. Dance Monkey - Tones and I,5. Don't Start Now - Dua Lipa,6. Old Town Road - Lil Nas X,7. Lose Yourself - Eminem,8. Uptown Funk - Mark Ronson ft. Bruno Mars,9. All Of Me - John Legend,10. Senorita - Shawn Mendes & Camila Cabello,11. I Gotta Feeling - Black Eyed Peas,12. Call Me Maybe - Carly Rae Jepsen,13. All Star - Smash Mouth,14. Closer - The Chainsmokers ft. Halsey,15. Rolling in the Deep - Adele
,,Username: MusicLovr22,Age: 28,"Location: San Francisco, CA","Music Preference by Genre: Pop, Rock, Hip-Hop, EDM",Favourite Music Genre: Pop,,Favourite Songs: ,1. Shape of You - Ed Sheeran,2. Senorita - Shawn Mendes & Camila Cabello,3. Old Town Road - Lil Nas X,4. Without Me - Halsey,5. Senorita - Justin Timberlake & Ciara,6. Dance Monkey - Tones and I,7. Girls Like You - Maroon 5,8. Uptown Funk - Mark Ronson & Bruno Mars,9. Can’t Stop the Feeling - Justin Timberlake,10. Cheap Thrills - Sia,11. All of Me - John Legend,12. Roar - Katy Perry,13. Closer - The Chainsmokers & Halsey,14. What Do You Mean - Justin Bieber,15. Let Me Love You - DJ Snake & Justin Bieber
,,Username: FuzzySoundz,Age: 25,"Location: San Francisco, California","Music Preference by Genre: Pop, Hip-Hop, Indie Pop, Dance",Favourite Music Genre: Indie Pop,,Favourite Songs:,1. Firework - Katy Perry,2. All of Me - John Legend,3. Uptown Funk - Bruno Mars,4. Can't Feel My Face - The Weeknd,5. Do I Wanna Know? - Arctic Monkeys,6. I'm Yours - Jason Mraz,7. Sweet Disposition - The Temper Trap,8. Rolling in the Deep - Adele,9. Somebody That I Used To Know - Gotye,10. Wake Me Up - Avicii,11. Titanium - David Guetta ft. Sia,12. Stolen Dance - Milky Chance,13. Gold - Chet Faker,14. Stay - Rihanna ft. Mikky Ekko,"15. Hey, Soul Sister - Train"
,,Username: MusicLoverX32,Age: 32,"Location: Los Angeles, CA","Music Preference by Genre: Pop, Hip-Hop, R&B, EDM",Favourite Music Genre: Pop,,Favourite Songs: ,1. Shape of You - Ed Sheeran,2. Dont Start Now - Dua Lipa,3. Blinding Lights - The Weeknd,4. In My Feelings - Drake,5. Uptown Funk - Mark Ronson ft. Bruno Mars,6. Senorita - Shawn Mendes & Camila Cabello,7. I Gotta Feeling - The Black Eyed Peas,8. Closer - The Chainsmokers ft. Halsey,9. Despacito - Luis Fonsi ft. Daddy Yankee,10. Rockstar - Post Malone ft. 21 Savage,11. Youngblood - 5 Seconds of Summer,12. All of Me - John Legend,13. Old Town Road - Lil Nas X ft. Billy Ray Cyrus,14. We Found Love - Rihanna ft. Calvin Harris,15. Don't Stop Believin' - Journey
,,Username: MusicLover123,Age: 22,"Location: London, UK","Music Preference by Genre: Pop, Indie, Hip-Hop, Rock",Favourite Music Genre: Pop,,Favourite Songs: ,1. Lose Yourself - Eminem,2. Shape of You - Ed Sheeran ,3. Bohemian Rhapsody - Queen,4. Uptown Funk - Mark Ronson ft. Bruno Mars ,5. Sweet Home Alabama - Lynyrd Skynyrd,6. Billie Jean - Michael Jackson,7. I Will Survive - Gloria Gaynor,8. Don't Stop Believing - Journey,9. Love Yourself - Justin Bieber,10. Hotel California - Eagles,11. Hey Jude - The Beatles,12. All Star - Smash Mouth,13. Viva La Vida - Coldplay,14. Eye of the Tiger - Survivor,15. Clocks - Coldplay
,,Username: GroovyTunes,Age: 25,"Location: London, UK","Music Preference by Genre: Pop, Rock, Indie, Hip Hop, EDM",Favourite Music Genre: Pop,,Favourite Songs: ,1. Someone You Loved - Lewis Capaldi,2. Old Town Road - Lil Nas X feat. Billy Ray Cyrus,3. Don't Start Now - Dua Lipa,4. Dance Monkey - Tones and I ,5. Sunflower - Post Malone & Swae Lee,6. Senorita - Shawn Mendes & Camila Cabello,7. 7 Rings - Ariana Grande,8. I Don't Care - Ed Sheeran & Justin Bieber,9. Good as Hell - Lizzo,10. Wish You Were Gay - Billie Eilish,11. Señorita - Shawn Mendes & Camila Cabello,12. Sucker - Jonas Brothers,13. Circles - Post Malone,14. Without Me - Halsey,15. Bad Guy - Billie Eilish
,,Username: MusicLuvr429,Age: 27,"Location: Los Angeles, CA","Music Preference by Genre: Pop, R&B, Indie, Hip-Hop",Favourite Music Genre: Pop,,Favourite Songs: ,1. Shape of You by Ed Sheeran,2. Closer by The Chainsmokers ft. Halsey,3. One Dance by Drake ft. Wizkid & Kyla,4. Sucker by Jonas Brothers,5. Old Town Road by Lil Nas X ft. Billy Ray Cyrus,6. Senorita by Shawn Mendes & Camila Cabello,7. Girls Like You by Maroon 5 ft. Cardi B,8. Bad Guy by Billie Eilish,9. Without Me by Halsey,10. Sunflower by Post Malone & Swae Lee,11. I Like It by Cardi B ft. Bad Bunny & J Balvin,12. No Tears Left to Cry by Ariana Grande,13. 7 Rings by Ariana Grande,14. In My Feelings by Drake,"15. Thank U, Next by Ariana Grande"
,,Username: MusiCrazed,Age: 24,"Location: Los Angeles, California","Music Preference by Genre: Pop, Rock, EDM, Country, Soul",Favourite Music Genre: Pop,,Favourite Songs: ,1. Shape of You - Ed Sheeran,2. Girls Like You - Maroon 5 ft. Cardi B,3. Havana - Camila Cabello ft. Young Thug,4. Don't Start Now - Dua Lipa,5. Shallow - Lady Gaga & Bradley Cooper,6. Senorita - Shawn Mendes & Camila Cabello,7. Old Town Road - Lil Nas X ft. Billy Ray Cyrus,8. Closer - The Chainsmokers ft. Halsey,9. Perfect - Ed Sheeran,10. Uptown Funk - Mark Ronson ft. Bruno Mars,11. All of Me - John Legend,12. Without Me - Halsey,13. Lay Me Down - Sam Smith,14. Lose Yourself - Eminem,15. Roar - Katy Perry
,,Username: DanceMusicLover,Age: 27,"Location: Los Angeles, CA","Music Preference by Genre: Pop, Dance, EDM, Hip-Hop/Rap",Favourite Music Genre: Dance,,Favourite Songs:,"1. ""Old Town Road (Remix)"" - Lil Nas X feat. Billy Ray Cyrus ","2. ""Dance Monkey"" - Tones and I ","3. ""Sucker"" - Jonas Brothers","4. ""Shallow"" - Lady Gaga and Bradley Cooper","5. ""7 Rings"" – Ariana Grande","6. ""Bad Guy"" - Billie Eilish ","7. ""Without Me"" - Halsey ","8. ""Shake It Off"" - Taylor Swift ","9. ""Senorita"" - Shawn Mendes & Camila Cabello ","10. ""Taki Taki"" - DJ Snake feat. Selena Gomez, Ozuna & Cardi B","11. ""Havana"" - Camila Cabello feat. Young Thug","12. ""Happier"" - Marshmello feat. Bastille","13. ""This is America"" - Childish Gambino ",14
,,Username: MusicLover1234,Age: 24,"Location: Seattle, Washington","Music Preference by Genre: Pop, Hip-Hop, EDM, Country, Rock",Favourite Music Genre: Hip-Hop,,Favourite Songs: ,1. Old Town Road - Lil Nas X,2. Blinding Lights - The Weeknd,3. Don't Start Now - Dua Lipa,4. Circles - Post Malone,5. Dance Monkey - Tones and I,6. All of Me - John Legend,"7. I Don't Care - Ed Sheeran, Justin Bieber",8. Tearin' Up My Heart - NSYNC,"9. Sunflower - Post Malone, Swae Lee",10. Lucid Dreams - Juice WRLD,11. Ransom - Lil Tecca,12. Someone You Loved - Lewis Capaldi,"13. Girls Like You - Maroon 5, Cardi B","14. Uptown Funk - Mark Ronson, Bruno Mars","15. Shallow - Lady Gaga, Bradley Cooper"
,,Username: MusicLover99,Age: 28,Location: New York City,"Music Preference by Genre: Pop, Rock, Indie, Rap",Favourite Music Genre: Pop,,Favourite Songs: ,"1. ""Shape of You"" - Ed Sheeran","2. ""Uptown Funk"" - Mark Ronson ft. Bruno Mars","3. ""Blank Space"" - Taylor Swift","4. ""Hey Ya"" - OutKast","5. ""Can't Stop the Feeling"" - Justin Timberlake","6. ""Bohemian Rhapsody"" - Queen","7. ""Thriller"" - Michael Jackson","8. ""I Wanna Dance with Somebody"" - Whitney Houston","9. ""All Star"" - Smash Mouth","10. ""Life is a Highway"" - Tom Cochrane","11. ""Stacy's Mom"" - Fountains of Wayne","12. ""I Gotta Feeling"" - The Black Eyed Peas","13. ""Mr. Brightside"" - The Killers","14. ""Toxic"" - Britney Spears","15. ""Crazy in Love"" - Beyonce ft. Jay-Z"
,,Username: MusicLover123,Age: 24,"Location: Toronto, Canada","Music Preference by Genre: Pop, Hip-Hop, R&B, EDM",Favourite Music Genre: Pop,,Favourite Songs: ,1. Shape of You - Ed Sheeran,2. Blinding Lights - The Weeknd,3. Say So - Doja Cat ft. Nicki Minaj,4. Dance Monkey - Tones and I,5. Don't Start Now - Dua Lipa,6. Rockstar - Post Malone ft. 21 Savage,7. Rain On Me - Lady Gaga ft. Ariana Grande,8. Life Is Good - Future ft. Drake,9. Savage - Megan Thee Stallion,10. The Box - Roddy Ricch,11. Heat Waves - Glass Animals,12. Break My Heart - Dua Lipa,13. Watermelon Sugar - Harry Styles,14. ROXANNE - Arizona Zervas,15. Bad Guy - Billie Eilish
,,Username: MusicLover21,Age: 21,"Location: London, UK","Music Preference by Genre: Pop, Rock, Alternative, Indie",Favourite Music Genre: Pop,,Favourite Songs: ,1. Shape of You - Ed Sheeran,2. Closer - The Chainsmokers ft. Halsey ,3. All About That Bass - Meghan Trainor,4. Uptown Funk - Mark Ronson ft. Bruno Mars,5. Can't Stop the Feeling - Justin Timberlake,6. Sorry - Justin Bieber,7. 24K Magic - Bruno Mars,8. Counting Stars - One Republic,9. Moves Like Jagger - Maroon 5 ft. Christina Aguilera,10. Thinking Out Loud - Ed Sheeran,11. Viva La Vida - Coldplay,12. Roar - Katy Perry,13. Radioactive - Imagine Dragons,14. Wonderwall - Oasis,15. Hey Ya - OutKast
,,Username: musiclover567,Age: 25,"Location: New York, USA","Music Preference by Genre: Pop, Jazz, Hip-hop, EDM, Rock",Favourite Music Genre: Pop,,Favourite Songs: ,1. No Tears Left to Cry - Ariana Grande,2. Girls Like You - Maroon 5 ft. Cardi B,3. Don't Start Now - Dua Lipa,4. Smooth - Santana ft. Rob Thomas,5. All of Me - John Legend,6. Uptown Funk - Mark Ronson ft. Bruno Mars,7. Shape of You - Ed Sheeran,8. I Gotta Feeling - The Black Eyed Peas,9. 24K Magic - Bruno Mars,10. Hey Ya - Outkast,11. Maps - Maroon 5,12. Clocks - Coldplay,13. Bad Guy - Billie Eilish,14. In My Feelings - Drake,15. Get Lucky - Daft Punk ft. Pharrell Williams
,,Username: SpotifyFan101,Age: 27,"Location: Los Angeles, CA","Music Preference by Genre: Pop, Hip-Hop, EDM, Rock",Favourite Music Genre: Pop,,Favourite Songs: ,1. Just Give Me a Reason - Pink ft. Nate Ruess,2. Uptown Funk - Mark Ronson ft. Bruno Mars,3. All of Me - John Legend,4. Shake It Off - Taylor Swift,5. Shots - LMFAO ft. Lil Jon,6. Royals - Lorde,7. I Gotta Feeling - The Black Eyed Peas,8. Timber - Pitbull ft. Kesha,9. Party Rock Anthem - LMFAO,10. Firework - Katy Perry,11. Closer - The Chainsmokers ft. Halsey,12. Cheap Thrills - Sia ft. Sean Paul,13. Moves Like Jagger - Maroon 5 ft. Christina Aguilera,14. Poker Face - Lady Gaga,15. Don't Stop Believin' - Journey
,,Username: GrooveMan59,Age: 32,"Location: Chicago, IL","Music Preference by Genre: Pop, Hip-Hop, EDM, Rock",Favourite Music Genre: Pop,,Favourite Songs: ,1. Shape of You - Ed Sheeran,2. Blinding Lights - The Weeknd,3. Toxic - Britney Spears ,4. All of Me - John Legend,5. Party Rock Anthem - LMFAO,6. The Hills - The Weeknd,7. Can't Hold Us - Macklemore & Ryan Lewis,8. Uptown Funk - Mark Ronson ft. Bruno Mars,9. Hey Ya! - OutKast,10. Love Yourself - Justin Bieber,11. Don't Stop Believin' - Journey,12. Closer - The Chainsmokers ft. Halsey,13. Baby One More Time - Britney Spears,14. Higher Love - Kygo ft. Whitney Houston,15. Despacito - Luis Fonsi ft. Daddy Yankee
,,Username: MusicLover72,Age: 42,"Location: London, UK","Music Preference by Genre: Pop, Hip-Hop, EDM, Rock",Favourite Music Genre: Pop,,Favourite Songs: ,1. Shape of You - Ed Sheeran,2. All of Me - John Legend,3. Can't Stop the Feeling! - Justin Timberlake,4. Uptown Funk - Mark Ronson ft. Bruno Mars,5. Girls Like You - Maroon 5 ft. Cardi B,6. Despacito - Luis Fonsi ft. Daddy Yankee,7. Thriller - Michael Jackson,8. Don't Start Now - Dua Lipa,9. No Tears Left to Cry - Ariana Grande,10. Blinding Lights - The Weeknd,11. Someone You Loved - Lewis Capaldi,12. Bad Guy - Billie Eilish,13. Senorita - Shawn Mendes & Camila Cabello,14. Thunder - Imagine Dragons,15. Rockstar - Post Malone ft. 21 Savage
,,Username: musicallyadventurous,Age: 22,"Location: Seattle, WA","Music Preference by Genre: Pop, Hip-Hop, Indie, Rock, EDM",Favourite Music Genre: Indie/Rock,,Favourite Songs: ,1. Take Me To Church - Hozier,2. Uptown Funk - Mark Ronson ft. Bruno Mars,3. Shake It Off - Taylor Swift,4. Happy - Pharrell Williams,5. Royals - Lorde,6. Can't Feel My Face - The Weeknd,7. All of Me - John Legend,8. Closer - The Chainsmokers ft. Halsey,9. Superheroes - The Script,10. Wherever I Go - OneRepublic,11. Don't Wanna Know - Maroon 5,12. Don't Let Me Down - The Chainsmokers ft. Daya,13. I Took A Pill In Ibiza - Mike Posner,14. Stressed Out - Twenty One Pilots,15. Hymn For The Weekend - Coldplay ft. Beyonce
,,Username: SpotifyDiva,Age: 25,Location: New York City,"Music Preference by Genre: Pop, Rock, Rap, Country, Reggae",Favourite Music Genre: Pop,,Favourite Songs: ,1. Uptown Funk - Mark Ronson ft. Bruno Mars ,2. All About That Bass - Meghan Trainor ,3. Despacito - Luis Fonsi ft. Daddy Yankee ,4. Shape of You - Ed Sheeran,5. Call Me Maybe - Carly Rae Jepsen,6. Havana - Camila Cabello ft. Young Thug,7. Royals - Lorde,8. In My Feelings - Drake,9. Bad Guy - Billie Eilish,10. Blinding Lights - The Weeknd,11. Old Town Road - Lil Nas X ft. Billy Ray Cyrus,12. Closer - The Chainsmokers ft. Halsey,13. Dynamite - BTS,14. Don't Start Now - Dua Lipa,15. No Tears Left To Cry - Ariana Grande
,,Username: Musiclover_123,Age: 25,"Location: London, UK","Music Preference by Genre: Pop, Rock, R&B, Country",Favourite Music Genre: Pop,,Favourite Songs: ,1. Shape of You - Ed Sheeran,2. Uptown Funk - Mark Ronson ft. Bruno Mars,3. Someone You Loved - Lewis Capaldi,"4. Dancing with a Stranger - Sam Smith, Normani","5. Senorita - Shawn Mendes, Camila Cabello",6. Sweet but Psycho - Ava Max,7. Girls Like You - Maroon 5 ft. Cardi B,8. Old Town Road - Lil Nas X,9. I Don't Care - Ed Sheeran ft. Justin Bieber,10. 7 Rings - Ariana Grande,11. Bad Guy - Billie Eilish,12. Viva La Vida - Coldplay,13. Don't Stop Believin' - Journey,14. All of Me - John Legend,15. Wake Me Up - Avicii
,,Username: musiclover_45,Age: 23,"Location: London, UK","Music Preference by Genre: Pop, Rock, Indie, Hip-Hop, R&B",Favourite Music Genre: Pop,,Favourite Songs: ,1. Old Town Road - Lil Nas X ft. Billy Ray Cyrus,2. Dancing With A Stranger - Sam Smith ft. Normani,3. Someone You Loved - Lewis Capaldi,4. Shallow - Lady Gaga & Bradley Cooper,5. No Tears Left To Cry - Ariana Grande,6. Don't Start Now - Dua Lipa,7. Girls Like You - Maroon 5 ft. Cardi B,8. Bad Guy - Billie Eilish,9. Sweet But Psycho - Ava Max,10. Senorita - Shawn Mendes & Camila Cabello,11. 7 Rings - Ariana Grande,12. All Of Me - John Legend,13. I Don't Care - Ed Sheeran & Justin Bieber,14. Uptown Funk - Mark Ronson ft. Bruno Mars,15. Believer - Imagine Dragons
,,Username: MusicLover101,Age: 24,"Location: Sydney, Australia","Music Preference by Genre: Pop, Rock, R&B, Electronic",Favourite Music Genre: Pop,,Favourite Songs: ,1. Shape of You - Ed Sheeran,2. Girls Like You - Maroon 5 ft. Cardi B,3. Dance Monkey - Tones and I,4. Someone You Loved - Lewis Capaldi,5. Senorita - Shawn Mendes & Camila Cabello,6. Old Town Road - Lil Nas X ft. Billy Ray Cyrus,7. I Don't Care - Ed Sheeran & Justin Bieber,8. Love Someone - Lukas Graham,9. 7 Rings - Ariana Grande,10. All of Me - John Legend,11. Don't Start Now - Dua Lipa,12. This is What You Came For - Calvin Harris ft. Rihanna,13. Perfect - Ed Sheeran,14. Take Me To Church - Hozier,15. Hallelujah - Leonard Cohen
,,Username: MusicLover_12,Age: 24,"Location: London, UK","Music Preference by Genre: Pop, Rock, Hip-Hop, R&B, EDM",Favourite Music Genre: Pop,,Favourite Songs: ,1. Shape of You - Ed Sheeran,2. Girls Like You - Maroon 5,3. Blinding Lights - The Weeknd,4. Don't Start Now - Dua Lipa,5. Dance Monkey - Tones and I,6. I Don't Care - Ed Sheeran & Justin Bieber,7. Old Town Road - Lil Nas X,8. Memories - Maroon 5,9. Levitating - Dua Lipa,10. The Box - Roddy Ricch,11. Heat Waves - Glass Animals,12. Break My Heart - Dua Lipa,13. Circles - Post Malone,14. Watermelon Sugar - Harry Styles,15. Intentions - Justin Bieber ft. Quavo
,,Username: JazzyJazzie,Age: 24,"Location: Los Angeles, California","Music Preference by Genre: Pop, Indie, Jazz, Hip-Hop, R&B",Favourite Music Genre: Jazz,,Favourite Songs: ,1. All of Me – John Legend,2. Summertime – Ella Fitzgerald,3. Singin' in the Rain – Gene Kelly,4. Don't Stop Believin' – Journey,"5. Don't Worry, Be Happy – Bobby McFerrin",6. Love Yourself – Justin Bieber,7. Uptown Funk – Mark Ronson ft. Bruno Mars,8. Don't Know Why – Norah Jones,9. Crazy in Love – Beyoncé ft. Jay-Z,10. Shake It Off – Taylor Swift,11. You Are the Sunshine of My Life – Stevie Wonder,12. Valerie – Amy Winehouse,13. I Wanna Dance With Somebody – Whitney Houston,14. All I Wanna Do – Sheryl Crow,15. Girls Just Wanna Have Fun – Cyndi Lauper
,,Username: MusicLover32,Age: 28,"Location: Chicago, IL","Music Preference by Genre: Pop, Hip Hop, EDM, Rock",Favourite Music Genre: Pop,,Favourite Songs: ,1. Shape of You - Ed Sheeran,2. Despacito - Luis Fonsi ft. Daddy Yankee,3. Umbrella - Rihanna ft. Jay-Z,4. All of Me - John Legend,5. Party Rock Anthem - LMFAO,6. Dynamite - Taio Cruz,7. Closer - The Chainsmokers ft. Halsey,8. Finesse - Bruno Mars ft. Cardi B,9. I Gotta Feeling - The Black Eyed Peas,10. Can't Stop the Feeling! - Justin Timberlake ,11. Love Yourself - Justin Bieber,12. Girls Like You - Maroon 5 ft. Cardi B,13. Uptown Funk - Mark Ronson ft. Bruno Mars,"14. Thank You, Next - Ariana Grande",15. Bad Guy - Billie Eilish
,,Username: MusicLover29,Age: 29,"Location: Los Angeles, CA","Music Preference by Genre: Pop, Rock, Hip-Hop/Rap, EDM",Favourite Music Genre: Pop,,Favourite Songs:,1. Old Town Road - Lil Nas X,2. Someone You Loved - Lewis Capaldi,3. Senorita - Camila Cabello & Shawn Mendes,4. Sunflower - Post Malone & Swae Lee,5. Bad Guy - Billie Eilish,6. Memories - Maroon 5,7. Dance Monkey - Tones and I,8. No Guidance - Chris Brown & Drake,9. Sucker - Jonas Brothers,10. 7 Rings - Ariana Grande,11. Circles - Post Malone,12. Good as Hell - Lizzo,13. I Don't Care - Ed Sheeran & Justin Bieber,14. Talk - Khalid,15. 7 Minutes - Dean Lewis
,,Username: musiclover_88,Age: 32,"Location: Los Angeles, CA","Music Preference by Genre: Pop, EDM, Hip-Hop, Country",Favourite Music Genre: Pop,,Favourite Songs: ,1. Shape of You - Ed Sheeran,2. Bad Guy - Billie Eilish,3. Old Town Road - Lil Nas X,4. Senorita - Shawn Mendes & Camila Cabello,5. Sucker - Jonas Brothers,6. I Don't Care - Ed Sheeran & Justin Bieber,7. Sunflower - Post Malone & Swae Lee,8. 7 Rings - Ariana Grande,9. Without Me - Halsey,10. Wow. - Post Malone,11. If I Can't Have You - Shawn Mendes,12. Good As Hell - Lizzo,13. Talk - Khalid,14. Someone You Loved - Lewis Capaldi,15. Dance Monkey - Tones and I
,,Username: Musiclover_8,Age: 28,"Location: London, UK","Music Preference by Genre: Pop, Rock, Indie, Electronic",Favourite Music Genre: Pop,Favourite Songs: ,"1. Break Up With Your Girlfriend, I'm Bored - Ariana Grande",2. Old Town Road - Lil Nas X,3. Don't Start Now - Dua Lipa,4. Dancing With A Stranger - Sam Smith & Normani,5. Someone You Loved - Lewis Capaldi,6. Without Me - Halsey,7. 7 Rings - Ariana Grande,8. Please Me - Cardi B & Bruno Mars,9. Sucker - Jonas Brothers,10. Sunflower - Post Malone & Swae Lee,11. Sweet But Psycho - Ava Max,12. Happier - Marshmello & Bastille,13. High Hopes - Panic! At The Disco,14. All I Want For Christmas Is You - Mariah Carey,15. Bad Guy - Billie Eilish
,,Username: music_lover_123,Age: 28,"Location: Los Angeles, CA","Music Preference by Genre: Pop, Hip-Hop, Indie, Rock",Favourite Music Genre: Pop,,Favourite Songs: ,1. Old Town Road - Lil Nas X,2. Bad Guy - Billie Eilish,3. Senorita - Shawn Mendes & Camila Cabello,4. Circles - Post Malone,5. Dance Monkey - Tones and I,6. Someone You Loved - Lewis Capaldi,7. Sunflower - Post Malone & Swae Lee,8. I Don't Care - Ed Sheeran & Justin Bieber,9. 7 Rings - Ariana Grande,10. Sucker - Jonas Brothers,11. Happier - Marshmello & Bastille,12. Shallow - Lady Gaga & Bradley Cooper,13. No Tears Left to Cry - Ariana Grande,14. Without Me - Halsey,15. No Guidance - Chris Brown ft. Drake
,,Username: musictastic,Age: 25,"Location: London, UK","Music Preference by Genre: EDM, Hip-Hop, Pop, Indie",Favourite Music Genre: Pop,,Favourite Songs: ,1. Shape of You - Ed Sheeran,2. Despacito - Luis Fonsi ft. Daddy Yankee,3. Uptown Funk - Mark Ronson ft. Bruno Mars,4. All I Want for Christmas Is You - Mariah Carey,5. I Gotta Feeling - Black Eyed Peas,6. Don't Start Now - Dua Lipa,7. Havana - Camila Cabello ft. Young Thug,8. I'm Yours - Jason Mraz,9. Rolling in the Deep - Adele,10. Closer - The Chainsmokers ft. Halsey,11. Toxic - Britney Spears,12. All of Me - John Legend,13. Viva La Vida - Coldplay,14. Take On Me - A-Ha,15. 24K Magic - Bruno Mars
,,Username: MusicLover_45,Age: 27 ,Location: New York ,"Music Preference by Genre: Pop, R&B, Hip-Hop, EDM ",Favourite Music Genre: Pop ,,Favourite Songs: ,"1. ""Shape of You"" - Ed Sheeran","2. ""Someone You Loved"" - Lewis Capaldi","3. ""Senorita"" - Shawn Mendes & Camila Cabello","4. ""Havana"" - Camila Cabello","5. ""7 Rings"" - Ariana Grande","6. ""Sucker"" - Jonas Brothers","7. ""Happier"" - Marshmello & Bastille","8. ""Sicko Mode"" - Travis Scott","9. ""Old Town Road"" - Lil Nas X","10. ""Bad Guy"" - Billie Eilish","11. ""Without Me"" - Halsey","12. ""I Don't Care"" - Ed Sheeran & Justin Bieber","13. ""I Like It"" - Cardi B, Bad Bunny & J Balvin","14. ""God's Plan"" - Drake","15. ""Thank U, Next"" -"
,,Username: SpotiFyi,Age: 24,"Location: London, UK","Music Preference by Genre: Pop, Hip-Hop, R&B, Soul, Rock",Favourite Music Genre: Soul,,Favourite Songs: ,1. Respect - Aretha Franklin,2. Superstition - Stevie Wonder,3. All of Me - John Legend,4. No Scrubs - TLC,5. Don't Stop Believin' - Journey,6. Bohemian Rhapsody - Queen,7. I Wanna Dance With Somebody - Whitney Houston,8. Billie Jean - Michael Jackson,9. I Will Always Love You - Whitney Houston,10. Sweet Caroline - Neil Diamond,11. Lose Yourself - Eminem,12. Hotel California - Eagles,13. Uptown Funk - Mark Ronson ft. Bruno Mars,14. Rolling in the Deep - Adele,15. Hey Ya - Outkast
,,Username: musicfan2020,Age: 23,"Location: Los Angeles, CA","Music Preference by Genre: Pop, Rock, EDM, Hip-hop, Country",Favourite Music Genre: Pop,,Favourite Songs: ,1. Dynamite - BTS,2. Rain On Me - Lady Gaga & Ariana Grande,3. Blinding Lights - The Weeknd,4. Don't Start Now - Dua Lipa,5. The Man - Taylor Swift,6. Savage Love - Jawsh 685 & Jason Derulo,7. Watermelon Sugar - Harry Styles,8. Say So - Doja Cat,9. Memories - Maroon 5,10. Go Crazy - Chris Brown & Young Thug,11. Circles - Post Malone,12. Adore You - Harry Styles,13. Roxanne - Arizona Zervas,14. Break My Heart - Dua Lipa,15. Good as Hell - Lizzo
,,Username: SpotiFunk,Age: 22,"Location: Berlin, Germany","Music Preference by Genre: Pop, Hip-Hop/Rap, EDM, Indie",Favourite Music Genre: Hip-Hop/Rap,,Favourite Songs: ,"1. ""Old Town Road"" - Lil Nas X","2. ""bad guy"" - Billie Eilish","3. ""Senorita"" - Shawn Mendes & Camila Cabello","4. ""Sunflower"" - Post Malone & Swae Lee","5. ""7 Rings"" - Ariana Grande","6. ""Someone You Loved"" - Lewis Capaldi","7. ""Sicko Mode"" - Travis Scott","8. ""Without Me"" - Halsey","9. ""Happier"" - Marshmello & Bastille","10. ""Dancing with a Stranger"" - Sam Smith & Normani","11. ""I Don't Care"" - Ed Sheeran & Justin Bieber","12. ""Wow"" - Post Malone","13. ""Goodbyes"" - Post Malone & Young Thug","14. ""Higher Love"" - Kygo & Whitney Houston","15. ""Circles"""
,,Username: MusicSpotifyLover,Age: 25,"Location: Los Angeles, CA","Music Preference by Genre: Pop, Hip Hop, Latin, EDM",Favourite Music Genre: Pop,,Favourite Songs: ,1. Shape of You - Ed Sheeran,"2. Senorita - Shawn Mendes, Camila Cabello",3. Dance Monkey - Tones and I,4. Girls Like You - Maroon 5,5. High Hopes - Panic! At the Disco,"6. Con Calma - Daddy Yankee, Snow","7. Sunflower - Post Malone, Swae Lee","8. I Don't Care - Ed Sheeran, Justin Bieber",9. Old Town Road - Lil Nas X,10. Bad Guy - Billie Eilish,11. Blinding Lights - The Weeknd,12. 7 Rings - Ariana Grande,13. Sucker - Jonas Brothers,"14. Señorita - Shawn Mendes, Camila Cabello",15. Someone You Loved - Lewis Capaldi
,,Username: Jjams90,Age: 28,"Location: Toronto, Canada","Music Preference by Genre: Pop, Hip-Hop, Dance, R&B",Favourite Music Genre: Dance,,Favourite Songs: ,1. Get Lucky - Daft Punk ft. Pharrell Williams,2. Blinding Lights - The Weeknd,3. The Middle - Zedd ft. Maren Morris & Grey,4. Don't Start Now - Dua Lipa,5. Say So - Doja Cat,6. Dynamite - BTS,7. Memories - Maroon 5,8. Dance Monkey - Tones and I,9. Tusa - Karol G ft. Nicki Minaj,10. Sucker - Jonas Brothers,11. Senorita - Shawn Mendes & Camila Cabello,12. Old Town Road - Lil Nas X,13. Without Me - Halsey,14. Girls Like You - Maroon 5 ft. Cardi B,15. Shape of You - Ed Sheeran
,,Username: MusicLover22,Age: 24,"Location: London, UK","Music Preference by Genre: Pop, Hip Hop, EDM, R&B, Indie",Favourite Music Genre: Pop,,Favourite Songs: ,1. Senorita - Shawn Mendes & Camila Cabello,2. Old Town Road - Lil Nas X,3. Dance Monkey - Tones and I,4. Circles - Post Malone,5. Someone You Loved - Lewis Capaldi,6. I Don’t Care - Ed Sheeran & Justin Bieber,7. Sunflower - Post Malone & Swae Lee,8. No Tears Left To Cry - Ariana Grande,9. Havana - Camila Cabello & Young Thug,10. Sucker - Jonas Brothers,11. 7 Rings - Ariana Grande,12. High Hopes - Panic! At The Disco,13. Better Now - Post Malone,14. All Of Me - John Legend,15. Girls Like You - Maroon 5 ft. Cardi B
,,Username: Spoti_FAN,Age: 24,"Location: New York, USA","Music Preference by Genre: Pop, Hip-Hop, Rap, Dance",Favourite Music Genre: Pop,,Favourite Songs: ,1. Shape of You - Ed Sheeran,2. Despacito - Luis Fonsi & Daddy Yankee ft. Justin Bieber,3. Bad Guy - Billie Eilish,4. One Kiss - Calvin Harris & Dua Lipa,5. Blinding Lights - The Weeknd,6. Girls Like You - Maroon 5 ft. Cardi B,7. Senorita - Shawn Mendes & Camila Cabello,8. Dance Monkey - Tones and I ,9. Circles - Post Malone,10. Roses - SAINt JHN,11. All of Me - John Legend,12. Sucker - Jonas Brothers,13. Someone You Loved - Lewis Capaldi,14. Old Town Road - Lil Nas X ft. Billy Ray Cyrus,15. Sunflower - Post Malone & Swae Lee
,,Username: MusicLover_88,Age: 32,"Location: New York, NY","Music Preference by Genre: Pop, Rock, Indie, Jazz",Favourite Music Genre: Pop,,Favourite Songs: ,"1. ""Shape of You"" by Ed Sheeran","2. ""Can't Feel My Face"" by The Weeknd","3. ""Don't Stop Believin'"" by Journey","4. ""Hey, Soul Sister"" by Train","5. ""All of Me"" by John Legend","6. ""Bohemian Rhapsody"" by Queen","7. ""I'm Yours"" by Jason Mraz","8. ""Uptown Funk"" by Mark Ronson ft. Bruno Mars","9. ""Clocks"" by Coldplay","10. ""Moves Like Jagger"" by Maroon 5 ft. Christina Aguilera","11. ""Call Me Maybe"" by Carly Rae Jepsen","12. ""September"" by Earth, Wind & Fire","13. ""Rolling in the Deep"" by Adele","14. ""I Will Wait"" by Mumford & Sons","15. ""Hey Jude"" by The Beatles"
,,Username: MusicLover_77,Age: 31,"Location: Toronto, Canada","Music Preference by Genre: Pop, Hip Hop, Rock, Country, Classical",Favourite Music Genre: Pop,,Favourite Songs: ,1. Uptown Funk - Mark Ronson ft. Bruno Mars,2. Shape of You - Ed Sheeran,3. All About That Bass - Meghan Trainor,4. Thriller - Michael Jackson,5. Closer - The Chainsmokers ft. Halsey,6. Shake It Off - Taylor Swift,7. Bohemian Rhapsody - Queen,8. Sweet Home Alabama - Lynyrd Skynyrd,9. Old Town Road - Lil Nas X ft. Billy Ray Cyrus,10. Hey Ya! - OutKast,11. I Will Always Love You - Whitney Houston,12. I Wanna Dance with Somebody - Whitney Houston,13. Royals - Lorde,14. Hotel California - Eagles,15. Eye of the Tiger - Survivor
,,Username: musicspotter78,Age: 24,"Location: Toronto, Canada","Music Preference by Genre: Pop, Rock, Indie, Hip-Hop, EDM",Favourite Music Genre: Pop,,Favourite Songs: ,1. Shape of You - Ed Sheeran,2. Uptown Funk - Mark Ronson ft. Bruno Mars,3. Someone You Loved - Lewis Capaldi,4. Senorita - Shawn Mendes & Camila Cabello,5. 7 Rings - Ariana Grande,6. Old Town Road - Lil Nas X ft. Billy Ray Cyrus,7. I Don't Care - Ed Sheeran & Justin Bieber,8. God's Plan - Drake,9. All of Me - John Legend,10. Bad Guy - Billie Eilish,11. Believer - Imagine Dragons,12. Closer - The Chainsmokers ft. Halsey,13. Thunder - Imagine Dragons,14. Let Me Love You - DJ Snake ft. Justin Bieber,15. What Do You Mean? - Justin Bieber
,,Username: MusicLoverX,Age: 25,"Location: Berlin, Germany","Music Preference by Genre: Pop, EDM, Hip-Hop, Jazz",Favourite Music Genre: Pop,,Favourite Songs:,1. Dynamite - BTS ,2. Blinding Lights - The Weeknd,3. Watermelon Sugar - Harry Styles,4. Dance Monkey - Tones and I,5. Don't Start Now - Dua Lipa,6. Savage Love - Jason Derulo & Jawsh 685,7. Good as Hell - Lizzo,8. Say So - Doja Cat,9. Someone You Loved - Lewis Capaldi,10. No Tears Left To Cry - Ariana Grande,11. Rain On Me - Lady Gaga & Ariana Grande,12. Heatwaves - Glass Animals,13. Midnight Sky - Miley Cyrus,14. All I Want For Christmas Is You - Mariah Carey,15. Memories - Maroon 5
,,Username: Spotty_Muse,Age: 25,"Location: Los Angeles, CA","Music Preference by Genre: Pop, Rock, Alternative, R&B, Hip Hop",Favourite Music Genre: Pop,,Favourite Songs: ,1. Blinding Lights - The Weeknd,2. Don't Start Now - Dua Lipa,3. Death Bed - Powfu ft. Beabadoobee,"4. The Scotts - The Scotts, Travis Scott & Kid Cudi",5. Say So - Doja Cat,6. Circles - Post Malone,7. Adore You - Harry Styles,8. Good As Hell - Lizzo,9. Memories - Maroon 5,10. Dance Monkey - Tones and I,11. Before You Go - Lewis Capaldi,12. Old Town Road - Lil Nas X ft. Billy Ray Cyrus,13. All I Want For Christmas Is You - Mariah Carey,14. Someone You Loved - Lewis Capaldi,15. Lose You To Love Me - Selena Gomez
,,Username: MusicLover23,Age: 25,"Location: London, UK","Music Preference by Genre: Pop, Indie, Hip-Hop, EDM",Favourite Music Genre: Pop,,Favourite Songs: ,1. Shape of You - Ed Sheeran,2. Old Town Road - Lil Nas X,3. Someone You Loved - Lewis Capaldi,4. Dancing with a Stranger - Sam Smith & Normani,5. Bad Guy - Billie Eilish,6. Don't Start Now - Dua Lipa,7. Señorita - Shawn Mendes & Camila Cabello,8. 7 Rings - Ariana Grande,9. Call Out My Name - The Weeknd,10. In My Feelings - Drake,11. Sunflower - Post Malone & Swae Lee,12. Girls Like You - Maroon 5 ft. Cardi B,13. Without Me - Halsey,14. High Hopes - Panic! At The Disco,"15. I Like It - Cardi B, Bad Bunny & J Balvin"
,,Username: SpotifyJams23,Age: 28,"Location: Los Angeles, CA","Music Preference by Genre: Pop, Rock, R&B, EDM",Favourite Music Genre: Pop,,Favourite Songs: ,1. Closer - The Chainsmokers ft. Halsey,2. Uptown Funk - Mark Ronson ft. Bruno Mars,3. Shape of You - Ed Sheeran,4. Hello - Adele,5. Let Me Love You - DJ Snake ft. Justin Bieber,6. 24K Magic - Bruno Mars,7. All of Me - John Legend,8. Don't Wanna Know - Maroon 5 ft. Kendrick Lamar,9. That's What I Like - Bruno Mars,10. Attention - Charlie Puth,11. We Don't Talk Anymore - Charlie Puth ft. Selena Gomez,12. Despacito - Luis Fonsi ft. Daddy Yankee,13. Sorry - Justin Bieber,14. Can't Feel My Face - The Weeknd,15. Cheap Thrills - Sia ft. Sean Paul
,,Username: Spotifan001,Age: 28,"Location: London, UK","Music Preference by Genre: Pop, Rock, Hip-Hop, R&B",Favourite Music Genre: Pop,,Favourite Songs: ,1. Senorita - Shawn Mendes & Camila Cabello,2. Old Town Road (Remix) - Lil Nas X & Billy Ray Cyrus,3. Sunflower - Post Malone & Swae Lee,4. 7 Rings - Ariana Grande,5. High Hopes - Panic! At the Disco,6. Without Me - Halsey,7. Youngblood - 5 Seconds of Summer,"8. Thank U, Next - Ariana Grande",9. Sucker - Jonas Brothers,10. Happier - Marshmello & Bastille,11. I Don't Care - Ed Sheeran & Justin Bieber,12. Someone You Loved - Lewis Capaldi,13. Bad Guy - Billie Eilish,14. No Tears Left to Cry - Ariana Grande,15. Girls Like You - Maroon 5 ft. Cardi B
,,Username: GroovyTunes,Age: 23,"Location: New York, NY","Music Preference by Genre: Pop, Hip Hop, EDM, Rock",Favourite Music Genre: EDM,,Favourite Songs: ,1. Don't Start Now - Dua Lipa,2. Dance Monkey - Tones and I,3. Blinding Lights - The Weeknd,4. Rain On Me - Lady Gaga & Ariana Grande,5. Savage Love - Jawsh 685 & Jason Derulo,6. The Box - Roddy Ricch,7. Circles - Post Malone,8. Memories - Maroon 5,9. Say So - Doja Cat,10. Sucker - Jonas Brothers,11. Good As Hell - Lizzo,12. Intentions - Justin Bieber & Quavo,13. Sunflower - Post Malone & Swae Lee,14. Old Town Road - Lil Nas X & Billy Ray Cyrus,15. God's Plan - Drake
,,Username: musikluvr17,Age: 25,"Location: Los Angeles, CA","Music Preference by Genre: Pop, Hip-Hop, Rock, EDM",Favourite Music Genre: Pop,,Favourite Songs: ,1. Shape of You - Ed Sheeran,2. Uptown Funk - Mark Ronson ft. Bruno Mars,3. Blinding Lights - The Weeknd,4. Senorita - Shawn Mendes & Camila Cabello,5. Girls Like You - Maroon 5 ft. Cardi B,6. Dynamite - BTS,7. Bad Guy - Billie Eilish,8. 7 Rings - Ariana Grande,9. Old Town Road - Lil Nas X,10. Dance Monkey - Tones and I,11. Sucker - Jonas Brothers,12. Somebody That I Used To Know - Gotye,13. I Gotta Feeling - The Black Eyed Peas,14. Don't Stop Believin' - Journey,15. Can't Stop The Feeling - Justin Timberlake
,,Username: music_lover13,Age: 23,"Location: San Francisco, CA","Music Preference by Genre: Pop, Country, Rock, Hip-Hop/Rap, EDM",Favourite Music Genre: Pop,,Favourite Songs: ,1. Shape of You - Ed Sheeran,2. Old Town Road - Lil Nas X,3. Someone You Loved - Lewis Capaldi,4. Girls Like You - Maroon 5,5. Dancing with a Stranger - Sam Smith,6. Señorita - Shawn Mendes & Camila Cabello,7. 7 Rings - Ariana Grande,8. Without Me - Halsey,9. Sunflower - Post Malone,10. Sucker - Jonas Brothers,11. I Don't Care - Ed Sheeran & Justin Bieber,12. Sweet but Psycho - Ava Max,13. Bad Guy - Billie Eilish,"14. Thank U, Next - Ariana Grande",15. High Hopes - Panic! At The Disco
,,Username: MusicLover68,Age: 25,"Location: Sydney, Australia","Music Preference by Genre: Pop, Rock, EDM, Indie",Favourite Music Genre: Pop,,Favourite Songs: ,1. Shape of You - Ed Sheeran,2. Dynamite - BTS,3. Can't Stop the Feeling - Justin Timberlake,4. Uptown Funk - Mark Ronson ft. Bruno Mars,5. What Do You Mean - Justin Bieber,6. Girls Like You - Maroon 5,7. I'm Yours - Jason Mraz,8. Someone You Loved - Lewis Capaldi,9. All of Me - John Legend,10. Blinding Lights - The Weeknd,"11. The Middle - Zedd, Maren Morris & Grey",12. Bad Guy - Billie Eilish,13. Dance Monkey - Tones and I,14. Moves Like Jagger - Maroon 5,15. We Found Love - Rihanna ft. Calvin Harris
,,Username: musiclover19,Age: 19,"Location: San Francisco, CA","Music Preference by Genre: Pop, Hip-Hop, EDM, Rock",Favourite Music Genre: Pop,,Favourite Songs: ,1. Havana - Camila Cabello ft. Young Thug,2. Don't Start Now - Dua Lipa,3. In My Feelings - Drake,4. Better Now - Post Malone,5. Sucker - Jonas Brothers,6. High Hopes - Panic! At The Disco,7. Senorita - Shawn Mendes & Camila Cabello,8. Old Town Road - Lil Nas X ft. Billy Ray Cyrus,9. Sunflower - Post Malone & Swae Lee,10. Someone You Loved - Lewis Capaldi,11. 7 Rings - Ariana Grande,12. I Don't Care - Ed Sheeran & Justin Bieber,13. Bad Guy - Billie Eilish,14. Wow. - Post Malone,15. Girls Like You - Maroon 5 ft. Cardi B
,,Username: MusicLover12,Age: 28,"Location: London, UK ","Music Preference by Genre: Pop, Hip-Hop, Indie, Rock",Favourite Music Genre: Pop,,Favourite Songs: ,"1. ""Shape of You"" by Ed Sheeran","2. ""Uptown Funk"" by Mark Ronson ft. Bruno Mars","3. ""Can't Feel My Face"" by The Weeknd","4. ""Blinding Lights"" by The Weeknd","5. ""Havana"" by Camila Cabello ft. Young Thug","6. ""Someone You Loved"" by Lewis Capaldi","7. ""Hey Ya!"" by Outkast","8. ""No Tears Left to Cry"" by Ariana Grande","9. ""Closer"" by The Chainsmokers ft. Halsey","10. ""All of Me"" by John Legend","11. ""I Wanna Dance with Somebody"" by Whitney Houston","12. ""Teenage Dream"" by Katy Perry","13. ""Hey Jude"" by The Beatles","14. ""Yeah!"" by Usher ft. Lil Jon & Ludacris","15. ""I Gotta Feeling"" by"
,,Username: MusicLoverGirl,Age: 22,"Location: London, UK","Music Preference by Genre: Pop, Hip-Hop, R&B, Rock, EDM",Favourite Music Genre: Pop,,Favourite Songs: ,"1. High Hopes, Panic! At The Disco ","2. Someone You Loved, Lewis Capaldi ","3. Dance Monkey, Tones and I ","4. Old Town Road (Remix), Lil Nas X ft. Billy Ray Cyrus ","5. Memories, Maroon 5 ","6. Bad Guy, Billie Eilish ","7. 7 Rings, Ariana Grande ","8. Circles, Post Malone ","9. Sunflower (Spider-Man: Into the Spider-Verse), Post Malone & Swae Lee ","10. Sucker, Jonas Brothers ","11. No Guidance, Chris Brown ft. Drake ","12. Senorita, Shawn Mendes & Camila Cabello ","13. Good As Hell, Lizzo ","14. All I Want for Christmas Is You, Mariah Carey ","15. Old Town Road, Lil Nas X"
,,Username: SpotifyUser7,Age: 26,"Location: New York, USA","Music Preference by Genre: Pop, Hip-Hop, EDM, Jazz",Favourite Music Genre: Hip-Hop,,Favourite Songs: ,1. Old Town Road - Lil Nas X ,2. Blinding Lights - The Weeknd ,3. Juice - Lizzo ,4. Dance Monkey - Tones and I ,5. Don't Start Now - Dua Lipa ,6. Someone You Loved - Lewis Capaldi ,7. The Box - Roddy Ricch ,8. Circles - Post Malone ,9. Beautiful People - Ed Sheeran ft. Khalid ,10. Sunflower - Post Malone ft. Swae Lee ,11. Bad Guy - Billie Eilish ,12. I Don't Care - Ed Sheeran ft. Justin Bieber ,13. God's Plan - Drake ,14. Roxanne - Arizona Zervas ,15. Senorita - Shawn Mendes ft. Camila Cabello
,,Username: MusicManiac78,Age: 32,"Location: London, UK","Music Preference by Genre: Pop, Rock, Hip-Hop, EDM",Favourite Music Genre: Pop,,Favourite Songs: ,1. New Rules - Dua Lipa,2. Shape Of You - Ed Sheeran,3. Believer - Imagine Dragons,4. Uptown Funk - Bruno Mars,5. Hey Ya! - OutKast,6. Ocean Eyes - Billie Eilish,7. Seven Nation Army - The White Stripes,8. Don't Start Now - Dua Lipa,9. Senorita - Shawn Mendes & Camila Cabello,10. I Gotta Feeling - The Black Eyed Peas,11. Moves Like Jagger - Maroon 5,12. All of Me - John Legend,13. Closer - The Chainsmokers,14. Born this Way - Lady Gaga,15. Rockstar - Post Malone
,,Username: Melodious_Music,Age: 24,"Location: London, UK","Music Preference by Genre: Pop, Indie, Rock, Hip-Hop, EDM",Favourite Music Genre: Indie,,Favourite Songs: ,1. Someone You Loved - Lewis Capaldi,2. Dance Monkey - Tones and I,3. Don't Start Now - Dua Lipa,4. I Don't Care - Ed Sheeran & Justin Bieber,5. Break My Heart - Dua Lipa,6. Someone New - Hozier,7. Memories - Maroon 5,8. Falling - Harry Styles,9. Circles - Post Malone,10. Sucker - Jonas Brothers,11. Good as Hell - Lizzo,12. The Man - Taylor Swift,13. Old Town Road - Lil Nas X,14. Higher Love - Kygo & Whitney Houston,15. Fire on Fire - Sam Smith
,,Username: GroovyJoJo,Age: 22,"Location: NY, USA","Music Preference by Genre: Pop, Hip Hop, EDM",Favourite Music Genre: Pop,,Favourite Songs: ,1. Bad Guy - Billie Eilish,2. Old Town Road - Lil Nas X ft. Billy Ray Cyrus,3. Senorita - Shawn Mendes & Camila Cabello,4. Dance Monkey - Tones and I,5. 7 Rings - Ariana Grande,6. Don't Start Now - Dua Lipa,7. Sunflower - Post Malone & Swae Lee,8. Circles - Post Malone,9. Sucker - Jonas Brothers,10. Memories - Maroon 5,11. I Don't Care - Ed Sheeran & Justin Bieber,12. Goodbyes - Post Malone ft. Young Thug,13. Blinding Lights - The Weeknd,14. No Tears Left To Cry - Ariana Grande,15. Say So - Doja Cat ft. Nicki Minaj
,,Username: DanceMusicLover,Age: 23,"Location: Toronto, Canada","Music Preference by Genre: Pop, EDM, Hip-Hop, Indie",Favourite Music Genre: EDM,,Favourite Songs: ,1. In My Feelings - Drake,"2. Despacito - Luis Fonsi, Daddy Yankee ft. Justin Bieber",3. Havana - Camila Cabello ft. Young Thug,4. Shape of You - Ed Sheeran,5. Cheap Thrills - Sia ft. Sean Paul,6. Lean On - Major Lazer and DJ Snake ft. MØ,7. Closer - The Chainsmokers ft. Halsey,8. Uptown Funk - Mark Ronson ft. Bruno Mars,9. Don't Let Me Down - The Chainsmokers ft. Daya,10. Sunflower - Post Malone & Swae Lee,11. High Hopes - Panic! At The Disco,12. Dance Monkey - Tones and I,13. Let Her Go - Passenger,14. Hey Brother - Avicii,15. Wake Me Up - Avicii ft. Aloe Blacc
,,Username: MusicLover09,Age: 24,"Location: London, UK","Music Preference by Genre: Pop, Hip Hop, EDM, Rock",Favourite Music Genre: Pop,,Favourite Songs: ,1. Shape of You - Ed Sheeran,2. Despacito - Luis Fonsi & Daddy Yankee ft. Justin Bieber,3. Old Town Road - Lil Nas X,4. In My Feelings - Drake,5. Uptown Funk - Mark Ronson ft. Bruno Mars,6. Thinking Out Loud - Ed Sheeran,7. Girls Like You - Maroon 5 ft. Cardi B,8. All of Me - John Legend,9. I'm Yours - Jason Mraz,10. Closer - The Chainsmokers ft. Halsey,11. Humble - Kendrick Lamar,12. No Tears Left To Cry - Ariana Grande,13. Bohemian Rhapsody - Queen,14. I Like It - Cardi B ft. Bad Bunny & J Balvin,15. Don't Stop Believin' - Journey
,,Username: MusicLover_87,Age: 33,"Location: Miami, FL","Music Preference by Genre: Pop, Hip Hop, EDM, R&B",Favourite Music Genre: Pop,,Favourite Songs: ,1.Shape of You - Ed Sheeran,2.Sucker - Jonas Brothers,3.bad guy - Billie Eilish,4.Havana - Camila Cabello,5.Senorita - Shawn Mendes & Camila Cabello,6.Old Town Road - Lil Nas X,7.In My Feelings - Drake,8.Sunflower - Post Malone & Swae Lee,9.7 Rings - Ariana Grande,10.Girls Like You - Maroon 5,11.Truth Hurts - Lizzo,12.Better Now - Post Malone,13.God's Plan - Drake,14.Uptown Funk - Mark Ronson,15.I Like It - Cardi B
,,Username: MusicLover123,Age: 32,"Location: Boston, MA","Music Preference by Genre: Pop, EDM, Hip-Hop, R&B, Indie",Favourite Music Genre: Pop,,Favourite Songs: ,"1. ""Shape of You"" - Ed Sheeran","2. ""Closer"" - The Chainsmokers ft. Halsey","3. ""Old Town Road"" - Lil Nas X ft. Billy Ray Cyrus","4. ""Havana"" - Camila Cabello ft. Young Thug","5. ""Uptown Funk"" - Mark Ronson ft. Bruno Mars","6. ""Trap Queen"" - Fetty Wap","7. ""All of Me"" - John Legend","8. ""Can't Feel My Face"" - The Weeknd","9. ""Thinking Out Loud"" - Ed Sheeran","10. ""Lose Yourself"" - Eminem","11. ""No Tears Left To Cry"" - Ariana Grande","12. ""Love Yourself"" - Justin Bieber","13. ""Blank Space"" - Taylor Swift","14. ""Let Her Go"" - Passenger","15. ""Sorry"" - Justin Bieber"
,,Username: MusicLover99,Age: 24,"Location: Los Angeles, CA","Music Preference by Genre: Pop, Rock, R&B, Hip-Hop, EDM",Favourite Music Genre: Hip-Hop,,Favourite Songs: ,1. Old Town Road - Lil Nas X,2. 7 Rings - Ariana Grande,3. Sunflower - Post Malone & Swae Lee,4. High Hopes - Panic! At The Disco,5. Sucker - Jonas Brothers,6. Wow. - Post Malone,7. Without Me - Halsey,8. Someone You Loved - Lewis Capaldi,9. Happier - Marshmello & Bastille,10. Goodbyes - Post Malone ft. Young Thug,11. bad guy - Billie Eilish,12. Senorita - Shawn Mendes & Camila Cabello,13. I Don't Care - Ed Sheeran & Justin Bieber,14. Old School Love - Lupe Fiasco ft. Ed Sheeran,15. In My Feelings - Drake
,,Username: Musicholic,Age: 29,"Location: Los Angeles, California","Music Preference by Genre: Pop, Rock, Hip-Hop, EDM, Country",Favourite Music Genre: Pop,,Favourite Songs: ,"1. Senorita - Shawn Mendes, Camila Cabello",2. Old Town Road - Lil Nas X,"3. Sunflower - Post Malone, Swae Lee",4. 7 Rings - Ariana Grande,5. Bad Guy - Billie Eilish,6. Circles - Post Malone,7. High Hopes - Panic! At The Disco,"8. Dancing with a Stranger - Sam Smith, Normani",9. Truth Hurts - Lizzo,10. Girls Like You - Maroon 5 ft. Cardi B,11. Sucker - Jonas Brothers,"12. Shallow - Lady Gaga, Bradley Cooper",13. Juice - Lizzo,14. Someone You Loved - Lewis Capaldi,"15. Thank U, Next - Ariana Grande"
,,Username: TuneLover23,Age: 21,"Location: Los Angeles, California","Music Preference by Genre: Pop, R&B, Country, Rock",Favourite Music Genre: Pop,,Favourite Songs:,1. Shape of You - Ed Sheeran,2. Senorita - Shawn Mendes & Camila Cabello,3. Old Town Road - Lil Nas X,4. I Don’t Care - Ed Sheeran & Justin Bieber,5. 7 Rings - Ariana Grande,6. Dance Monkey - Tones and I,7. Blinding Lights - The Weeknd,8. Someone You Loved - Lewis Capaldi,9. Señorita - Camila Cabello & Young Thug,10. High Hopes - Panic! At The Disco,11. Good As Hell - Lizzo,12. Sucker - Jonas Brothers,13. Bad Guy - Billie Eilish,14. Circles - Post Malone,15. Sunflower - Post Malone & Swae Lee
,,Username: Musical_Maven,Age: 28,"Location: London, UK","Music Preference by Genre: Pop, Indie, EDM, Rock, Jazz",Favourite Music Genre: Pop,,Favourite Songs: ,1. Can't Stop the Feeling - Justin Timberlake,2. I Don't Care - Ed Sheeran & Justin Bieber,3. Dance Monkey - Tones and I,4. Senorita - Shawn Mendes & Camila Cabello,5. 7 Rings - Ariana Grande,6. Shape of You - Ed Sheeran,7. Shotgun - George Ezra,8. Someone You Loved - Lewis Capaldi,9. New Rules - Dua Lipa,10. Girls Like You - Maroon 5 ft. Cardi B,11. All of Me - John Legend,12. Uptown Funk - Mark Ronson ft. Bruno Mars,13. Hallelujah - Panic! At the Disco,14. High Hopes - Panic! At the Disco,15. The Middle - Zedd ft. Maren Morris
,,Username: MusicLovinGirl,Age: 28,"Location: San Francisco, CA","Music Preference by Genre: Pop, Rock, Dance, Hip-Hop",Favourite Music Genre: Pop,,Favourite Songs: ,1. Dynamite - BTS,2. Blinding Lights - The Weeknd,3. Dance Monkey - Tones and I,4. Memories - Maroon 5,5. I Don't Care - Ed Sheeran & Justin Bieber,6. Circles - Post Malone,7. Watermelon Sugar - Harry Styles,8. This is What You Came For - Calvin Harris ft. Rihanna,9. Don't Start Now - Dua Lipa,10. Shape of You - Ed Sheeran,11. Good as Hell - Lizzo,12. Senorita - Shawn Mendes & Camila Cabello,13. ROXANNE - Arizona Zervas,14. Lose Yourself - Eminem,15. Don't Stop Believin' - Journey
,,Username: MusicLover123,Age: 25,"Location: Los Angeles, CA","Music Preference by Genre: Pop, Hip-Hop, R&B, EDM",Favourite Music Genre: Pop,,Favourite Songs: ,"1. ""Shape of You"" - Ed Sheeran","2. ""All of Me"" - John Legend","3. ""Blinding Lights"" - The Weeknd","4. ""Savage"" - Megan Thee Stallion feat. Beyonce","5. ""Girls Like You"" - Maroon 5 feat. Cardi B","6. ""Love Yourself"" - Justin Bieber","7. ""In My Feelings"" - Drake","8. ""Can't Stop the Feeling"" - Justin Timberlake","9. ""Uptown Funk"" - Mark Ronson feat. Bruno Mars","10. ""Someone Like You"" - Adele","11. ""Havana"" - Camila Cabello","12. ""Shape of You"" - Ed Sheeran","13. ""Closer"" - The Chainsmokers feat. Halsey","14. ""Clarity"" - Zedd feat. Foxes","15. ""Call Me Maybe"" -"
,,Username: MusicLover123,Age: 24,"Location: Los Angeles, CA","Music Preference by Genre: Pop, Rock, EDM, Reggae",Favourite Music Genre: Pop,,Favourite Songs: ,1. Shape of You - Ed Sheeran,2. Someone You Loved - Lewis Capaldi,3. Girls Like You - Maroon 5 ft. Cardi B,4. Dance Monkey - Tones and I,5. Don't Start Now - Dua Lipa,6. Senorita - Shawn Mendes & Camila Cabello,7. Without Me - Halsey,8. Finesse - Bruno Mars ft. Cardi B,9. You Need to Calm Down - Taylor Swift,10. Feel It Still - Portugal. The Man,11. Can't Stop the Feeling! - Justin Timberlake,12. Taki Taki - DJ Snake ft. Selena Gomez,13. One Kiss - Calvin Harris & Dua Lipa,14. Havana - Camila Cabello ft. Young Thug,"15. Boom Boom - RedOne, Daddy Yankee, French Montana & Dinah Jane"
,,Username: MusicLoversUnite,Age: 25,"Location: London, UK","Music Preference by Genre: Pop, Rock, Indie, EDM",Favourite Music Genre: Indie,,Favourite Songs: ,1. Can't Stop The Feeling - Justin Timberlake,2. Rolling In The Deep - Adele ,3. Uptown Funk - Mark Ronson ft. Bruno Mars ,4. Dance Monkey - Tones and I,5. Royals - Lorde,6. Ho Hey - The Lumineers ,7. All Of Me - John Legend,8. Don't Stop Believin' - Journey,9. Take Me To Church - Hozier ,10. Wake Me Up - Avicii ft. Aloe Blacc ,11. Nothing On You - B.o.B ft. Bruno Mars,12. I Wanna Dance With Somebody - Whitney Houston,13. Don't Look Back In Anger - Oasis,14. I Don't Wanna Live Forever - Zayn ft. Taylor Swift,15. We Found Love - Rihanna ft. Calvin Harris
,,Username: MusicLover99,Age: 27,"Location: Toronto, Canada","Music Preference by Genre: Pop, Hip-Hop, EDM, Rock",Favourite Music Genre: Pop,,Favourite Songs: ,1. Shape of You - Ed Sheeran,2. Closer - The Chainsmokers ft. Halsey,3. Blinding Lights - The Weeknd,4. Uptown Funk - Mark Ronson ft. Bruno Mars,"5. Senorita - Shawn Mendes, Camila Cabello",6. Rockstar - Post Malone ft. 21 Savage,7. Girls Like You - Maroon 5 ft. Cardi B,"8. The Middle - Zedd, Maren Morris, Grey",9. Havana - Camila Cabello ft. Young Thug,10. Old Town Road - Lil Nas X ft. Billy Ray Cyrus,11. Dance Monkey - Tones and I,12. God's Plan - Drake,13. What Do You Mean? - Justin Bieber,14. Don't Start Now - Dua Lipa,15. Bad Guy - Billie Eilish
,,Username: Jammy_Jamz,Age: 22,"Location: London, UK","Music Preference by Genre: Pop, Hip-Hop, R&B, Rock ",Favourite Music Genre: Pop,,Favourite Songs: ,1. Dancing On My Own - Robyn,2. Don't Start Now - Dua Lipa ,3. Blinding Lights - The Weeknd,4. The Man - Taylor Swift,5. Memories - Maroon 5,6. Lose Yourself - Eminem,7. Watermelon Sugar - Harry Styles,8. I Don't Care - Ed Sheeran & Justin Bieber,9. Old Town Road - Lil Nas X,10. Shape of You - Ed Sheeran ,11. All of Me - John Legend ,12. In the End - Linkin Park,13. Chandelier - Sia ,14. This Is Me - Keala Settle & The Greatest Showman Cast,15. Uptown Funk - Mark Ronson ft. Bruno Mars
,,Username: MusicLover24,Age: 24,"Location: New York City, NY","Music Preference by Genre: Pop, Rock, Hip-Hop, EDM, Country",Favourite Music Genre: Pop,,Favourite Songs: ,1. Shape of You - Ed Sheeran ,2. Old Town Road - Lil Nas X ,3. 7 Rings - Ariana Grande ,4. Without Me - Halsey ,5. Havana - Camila Cabello ,6. In My Feelings - Drake ,7. bad guy - Billie Eilish ,8. Sucker - Jonas Brothers ,9. Sunflower - Post Malone ,10. Senorita - Shawn Mendes & Camila Cabello ,11. I Don't Care - Ed Sheeran & Justin Bieber ,"12. Thank U, Next - Ariana Grande ",13. High Hopes - Panic! At The Disco ,14. No Tears Left to Cry - Ariana Grande ,15. Girls Like You - Maroon 5 ft. Cardi B
,,Username: groovygal21,Age: 28,"Location: Austin, Texas, USA","Music Preference by Genre: Pop, Hip-Hop, R&B, EDM, Rock",Favourite Music Genre: Pop,,Favourite Songs: ,1. Dynamite - BTS,2. Don't Start Now - Dua Lipa,3. Blinding Lights - The Weeknd,4. Circles - Post Malone,5. Watermelon Sugar - Harry Styles,6. Dance Monkey - Tones and I,7. Savage Love - Jawsh 685 x Jason Derulo,8. The Box - Roddy Ricch,9. Roses - SAINt JHN,10. Savage - Megan Thee Stallion,11. Say So - Doja Cat,12. Say You Won't Let Go - James Arthur,13. Heat Waves - Glass Animals,14. ROXANNE - Arizona Zervas,15. Takeaway - The Chainsmokers & Illenium ft Lennon Stella
,,Username: MusicalManic,Age: 24,"Location: Los Angeles, CA","Music Preference by Genre: Pop/Rock, Indie, Hip-Hop/Rap, EDM",Favourite Music Genre: Pop/Rock,,Favourite Songs: ,"1. ""Uptown Funk"" by Mark Ronson ft. Bruno Mars","2. ""Shape of You"" by Ed Sheeran","3. ""Can't Stop the Feeling"" by Justin Timberlake","4. ""Blank Space"" by Taylor Swift","5. ""Closer"" by The Chainsmokers ft. Halsey","6. ""Hey Ya!"" by OutKast","7. ""Sugar"" by Maroon 5","8. ""We Found Love"" by Rihanna ft. Calvin Harris","9. ""Umbrella"" by Rihanna ft. Jay-Z","10. ""Uptown Girl"" by Billy Joel","11. ""Love Yourself"" by Justin Bieber","12. ""All Star"" by Smash Mouth","13. ""Rolling in the Deep"" by Adele","14. ""Mr. Brightside"" by The Killers","15. ""I Will Wait"" by Mumford & Sons"
,,Username: Music_Lover28,Age: 28,"Location: Sydney, Australia","Music Preference by Genre: Pop, Hip-Hop, R&B, EDM",Favourite Music Genre: Pop,,Favourite Songs: ,1. Shape of You - Ed Sheeran ,2. Dance Monkey - Tones and I ,3. Blinding Lights - The Weeknd ,4. Don't Start Now - Dua Lipa ,5. Circles - Post Malone ,6. Memories - Maroon 5 ,7. Rockstar - Post Malone ft. 21 Savage ,8. Say So - Doja Cat ,9. I Don't Care - Ed Sheeran & Justin Bieber ,"10. Taki Taki - DJ Snake ft. Selena Gomez, Cardi B & Ozuna ",11. Old Town Road - Lil Nas X ,12. Senorita - Shawn Mendes & Camila Cabello ,13. Sucker - Jonas Brothers ,14. Bad Guy - Billie Eilish ,15. The Middle - Zedd ft. Maren Morris & Grey
,,Username: MusicallyInclined12,Age: 24,"Location: London, UK","Music Preference by Genre: Pop, Hip-Hop, EDM, Indie, Jazz",Favourite Music Genre: Indie,,Favourite Songs: ,1. Stressed Out - Twenty One Pilots,2. Don't Start Now - Dua Lipa,3. Dance Monkey - Tones and I,4. Blinding Lights - The Weeknd,5. Memories - Maroon 5,6. Circles - Post Malone,7. One Dance - Drake ft. Wizkid & Kyla,8. Someone You Loved - Lewis Capaldi,9. I Don't Care - Ed Sheeran & Justin Bieber,10. Senorita - Shawn Mendes & Camila Cabello,11. 7 Rings - Ariana Grande,12. Closer - The Chainsmokers ft. Halsey,13. Hotline Bling - Drake,14. Bad Guy - Billie Eilish,15. Shake It Off - Taylor Swift
,,Username: spotify_user_23,Age: 37,"Location: New York City, NY","Music Preference by Genre: Pop, Hip-Hop, R&B, EDM ",Favourite Music Genre: Pop,,Favourite Songs: ,1. Old Town Road - Lil Nas X,2. Dance Monkey - Tones and I,3. Sucker - Jonas Brothers,4. bad guy - Billie Eilish,5. Sunflower - Post Malone & Swae Lee,6. 7 Rings - Ariana Grande,7. Senorita - Shawn Mendes & Camila Cabello,8. Circles - Post Malone,9. Without Me - Halsey,10. Truth Hurts - Lizzo,11. Pure Water - Mustard & Migos,12. Goodbyes - Post Malone ft. Young Thug,13. Someone You Loved - Lewis Capaldi,14. I Don't Care - Ed Sheeran & Justin Bieber,15. Fancy - Reba McEntire & Post Malone
,,Username: MusicLovr_89,Age: 31,"Location: London, UK","Music Preference by Genre: Pop, EDM, R&B, Rock",Favourite Music Genre: Pop,,Favourite Songs: ,1. Shape of You - Ed Sheeran,2. Someone You Loved - Lewis Capaldi,3. Dancing with a Stranger - Sam Smith & Normani,4. Say So - Doja Cat,5. bad guy - Billie Eilish,6. Don't Start Now - Dua Lipa,7. Senorita - Shawn Mendes & Camila Cabello,8. Sucker - Jonas Brothers,9. I Don't Care - Ed Sheeran & Justin Bieber,10. 7 Rings - Ariana Grande,11. Circles - Post Malone,12. No Tears Left to Cry - Ariana Grande,13. Without Me - Halsey,14. Old Town Road - Lil Nas X,15. Love Yourself - Justin Bieber
,,Username: MusicFirefly,Age: 23,"Location: Los Angeles, CA","Music Preference by Genre: Pop, Rock, EDM, Hip-Hop, Indie",Favourite Music Genre: Pop,,Favourite Songs: ,1. Shape of You - Ed Sheeran,2. This Is What You Came For - Calvin Harris ft. Rihanna,3. Closer - The Chainsmokers ft. Halsey,4. I Took a Pill in Ibiza - Mike Posner,5. Cheap Thrills - Sia ft. Sean Paul,6. Uptown Funk - Mark Ronson ft. Bruno Mars,7. One Dance - Drake ft. Wizkid & Kyla,8. Thinking Out Loud - Ed Sheeran,9. Love Yourself - Justin Bieber,10. Sorry - Justin Bieber,11. Sugar - Maroon 5,12. Shut Up and Dance - Walk The Moon,13. Lean On - Major Lazer ft. MØ & DJ Snake,14. All Of Me - John Legend,15. Blank Space - Taylor Swift
,,Username: musiclovur,Age: 28,Location: New York City,"Music Preference by Genre: Pop, Country, R&B, Electronic",Favourite Music Genre: Pop,,Favourite Songs: ,1. Shape of You - Ed Sheeran,2. Uptown Funk - Mark Ronson ft. Bruno Mars,3. Blinding Lights - The Weeknd,4. Havana - Camila Cabello ft. Young Thug,5. Old Town Road - Lil Nas X ft. Billy Ray Cyrus,6. What Do You Mean - Justin Bieber,7. The Middle - Zedd ft. Maren Morris & Grey,8. Despacito - Luis Fonsi ft. Daddy Yankee,9. Closer - The Chainsmokers ft. Halsey,10. Dance Monkey - Tones and I,"11. Break Up With Your Girlfriend, I'm Bored - Ariana Grande",12. All of Me - John Legend,13. Rolling in the Deep - Adele,14. God's Plan - Drake,15. Can't Feel My Face - The Weeknd
,,Username: GrooveyGuitar,Age: 24,"Location: New York, NY","Music Preference by Genre: Pop, Rock, Country, Jazz",Favourite Music Genre: Rock,,Favourite Songs: ,1. Uptown Funk - Mark Ronson ft. Bruno Mars,2. Shake It Off - Taylor Swift,3. Bohemian Rhapsody - Queen,4. Sweet Child O' Mine - Guns N' Roses,5. All of Me - John Legend,6. Hey Jude - The Beatles,7. Wake Me Up - Avicii,8. Say You Won't Let Go - James Arthur,9. I Will Always Love You - Whitney Houston,10. November Rain - Guns N' Roses,11. I'm Yours - Jason Mraz,12. I Wanna Dance With Somebody - Whitney Houston,13. Stairway to Heaven - Led Zeppelin,14. Sweet Home Alabama - Lynyrd Skynyrd,15. Hotel California - The Eagles
,,Username: MusicLoverXo,Age: 23,"Location: San Francisco, CA","Music Preference by Genre: Pop, EDM, Indie, Rap",Favourite Music Genre: Pop,,Favourite Songs:,1. Girls Like You - Maroon 5 ft. Cardi B,2. Shape of You - Ed Sheeran,3. Without Me - Halsey,4. Havana - Camila Cabello ft. Young Thug,5. New Rules - Dua Lipa,"6. The Middle - Zedd, Maren Morris & Grey",7. God's Plan - Drake,8. Closer - The Chainsmokers ft. Halsey,9. I Like Me Better - Lauv,10. In My Feelings - Drake,11. I'm the One - DJ Khaled ft. Justin Bieber,12. Youngblood - 5 Seconds of Summer,13. Better Now - Post Malone,14. Thunder - Imagine Dragons,15. Bad at Love - Halsey
,,Username: musicfan44,Age: 24,"Location: Los Angeles, CA","Music Preference by Genre: Pop, Rock, Hip-Hop, Country",Favourite Music Genre: Pop,,Favourite Songs: ,1. Bad Guy - Billie Eilish ,2. Old Town Road - Lil Nas X,3. Someone You Loved - Lewis Capaldi ,4. Señorita - Shawn Mendes & Camila Cabello,5. Sunflower - Post Malone & Swae Lee,6. Sucker - Jonas Brothers ,7. Never Really Over - Katy Perry,8. I Don't Care - Ed Sheeran & Justin Bieber,9. Senorita - Justin Timberlake & Ciara,10. All I Want for Christmas Is You - Mariah Carey,11. Girls Like You - Maroon 5 & Cardi B,12. Dance Monkey - Tones and I,13. Good as Hell - Lizzo ,14. Old Town Road Remix - Lil Nas X & Billy Ray Cyrus,15. 7 Rings - Ariana Grande
,,Username: musiclover20,Age: 24,"Location: Los Angeles, CA","Music Preference by Genre: Pop, Hip-Hop, R&B, Electronic, Rock",Favourite Music Genre: Pop,,Favourite Songs: ,1. Dynamite - BTS,2. Cardigan - Taylor Swift ,3. Blinding Lights - The Weeknd,4. Don't Start Now - Dua Lipa,5. Rain On Me - Lady Gaga & Ariana Grande,6. Rockstar - DaBaby ft. Roddy Ricch,7. Savage - Megan Thee Stallion ft. Beyoncé,8. The Box - Roddy Ricch,9. Dance Monkey - Tones and I,10. Say So - Doja Cat,11. Circles - Post Malone,12. Senorita - Shawn Mendes & Camila Cabello,13. Memories - Maroon 5,14. Go Crazy - Chris Brown & Young Thug,15. Break My Heart - Dua Lipa
